{"count":1,"self":40543.3942016,"total":60127.5849988,"children":{"AgentSendState":{"count":2690126,"self":33.0415424,"total":729.9464454,"children":{"CollectObservations":{"count":2155596,"self":2.7471791999999997,"total":2.7471791,"children":null},"CollectDiscreteActionMasks":{"count":2155596,"self":2.272529,"total":2.272529,"children":null},"AgentInfo.ToProto":{"count":2155596,"self":12.841236799999999,"total":691.8851952,"children":{"GenerateSensorData":{"count":2155596,"self":261.8121216,"total":679.04395809999994,"children":{"RayPerceptionSensor.Perceive":{"count":4311192,"self":417.2318464,"total":417.2318458,"children":null}}}}}}},"DecideAction":{"count":2690126,"self":18799.730688,"total":18799.730542499998,"children":null},"AgentAct":{"count":2690126,"self":54.008339199999995,"total":54.0083401,"children":null},"AgentInfo.ToProto":{"count":1268,"self":0.0088927,"total":0.5013948,"children":{"GenerateSensorData":{"count":1268,"self":0.1839182,"total":0.4925021,"children":{"RayPerceptionSensor.Perceive":{"count":2536,"self":0.30858389999999997,"total":0.30858389999999997,"children":null}}}}}},"gauges":{"SoccerTwos.CumulativeReward":{"count":1268,"max":0.978333354,"min":-1,"runningAverage":-0.175700635,"value":0.671663761,"weightedAverage":-0.061143212}},"metadata":{"timer_format_version":"0.1.0","start_time_seconds":"1606746915","unity_version":"2019.4.5f1","command_line_arguments":"C:\\Users\\User\\Documents\\Soccer_Project\\CoE202.exe --mlagents-port 5005","communication_protocol_version":"1.0.0","com.unity.ml-agents_version":"1.0.4","scene_name":"Final_project","end_time_seconds":"1606807042"}}