{"count":1,"self":321.34172159999997,"total":356.44219089999996,"children":{"AgentSendState":{"count":17670,"self":0.1234878,"total":2.7257769,"children":{"CollectObservations":{"count":14184,"self":0.013783499999999999,"total":0.013783499999999999,"children":null},"CollectDiscreteActionMasks":{"count":14184,"self":0.0056789,"total":0.0056789,"children":null},"AgentInfo.ToProto":{"count":14184,"self":0.055540099999999995,"total":2.5828267,"children":{"GenerateSensorData":{"count":14184,"self":1.0050432999999999,"total":2.5272866,"children":{"RayPerceptionSensor.Perceive":{"count":28368,"self":1.5222433,"total":1.5222433,"children":null}}}}}}},"DecideAction":{"count":17670,"self":32.004691199999996,"total":32.004691699999995,"children":null},"AgentAct":{"count":17670,"self":0.3680093,"total":0.3680093,"children":null}},"gauges":{},"metadata":{"timer_format_version":"0.1.0","start_time_seconds":"1606585207","unity_version":"2019.4.5f1","command_line_arguments":"C:\\Users\\NMAIL\\Projects\\Soccer_Project\\CoE202.exe --mlagents-port 5005","communication_protocol_version":"1.0.0","com.unity.ml-agents_version":"1.0.4","scene_name":"Final_project","end_time_seconds":"1606585564"}}